newname,shortname,genotype_short
FIN_6826,F6826,homoDQ2
FIN_18072,F18072,heteroDQ2DQ8
FIN_15625,F15625,heteroDQ2DQ8
FIN_16018,F16018,homoDQ8
FIN_20790,F20790,heteroDQ2DQ8
FIN_28396,F28396,homoDQ8
FIN_28396,F28396,homoDQ8
FIN_27707,F27707,homoDQ8
FIN_42554,F42554,heteroDQ2DQ8
FIN_35497,F35497,homoDQ2
FIN_34137,F34137,heteroDQ2DQ8
FIN_38025,F38025,heteroDQ2DQ8
FIN_40405,F40405,homoDQ2
FIN_5302,F5302,homoDQ8
FIN_5302,F5302,homoDQ8
FIN_46506,F46506,homoDQ8
FIN_48016,F48016,homoDQ2
FIN_51955,F51955,heteroDQ2DQ8
FIN_50642,F50642,heteroDQ2DQ8
FIN_49984,F49984,heteroDQ2DQ8
FIN_52014,F52014,heteroDQ2DQ8
FIN_52231,F52231,homoDQ8
FIN_69340,F69340,homoDQ8
FIN_69838,F69838,homoDQ8
FIN_70393,F70393,homoDQ8
FIN_53955,F53955,homoDQ2
FIN_53955,F53955,homoDQ2
FIN_71547,F71547,homoDQ2
FIN_71808,F71808,homoDQ2
FIN_72011,F72011,homoDQ2
FIN_72011,F72011,homoDQ2
FIN_72248,F72248,homoDQ8
FIN_72389,F72389,homoDQ8
FIN_72520,F72520,homoDQ2
FIN_73156,F73156,homoDQ8
FIN_74622,F74622,homoDQ8
FIN_75078,F75078,homoDQ2
FIN_76121,F76121,homoDQ8
FIN_76121,F76121,homoDQ8
FIN_76738,F76738,homoDQ8
TN0013832F01,T13832,heteroDQ2DQ8
TN0014274F01,T14274,heteroDQ2DQ8
TN0014358F01,T14358,heteroDQ2DQ8
TN0014758F01,T14758,heteroDQ2DQ8
TN0014976F01,T14976,homoDQ2
TN0002600F01,T02600,homoDQ8
TN0002877F01,T02877,homoDQ2
TN0003194F01,T03194,homoDQ8
TN0003203F01,T03203,heteroDQ2DQ8
TN0003445F01,T03445,homoDQ2
TN0004179F01,T04179,homoDQ2
TN0004348F01,T04348,homoDQ2
TN0004634F01,T04634,homoDQ2
TN0004918F01,T04918,homoDQ2
TN0005231F01,T05231,homoDQ8
TN0006003F01,T06003,homoDQ2
TN0006306F01,T06306,homoDQ8
TN0007325F01,T07325,homoDQ2
TN0007914F01,T07914,heteroDQ2DQ8
TN0008205F01,T08205,heteroDQ2DQ8
TN0008535F02,T08535,homoDQ2
TN0011566F01,T11566,heteroDQ2DQ8
TN0012503F01,T12503,homoDQ8
TN0013459F01,T13459,heteroDQ2DQ8
TN0013372F01,T13372,heteroDQ2DQ8
TN0013494F01,T13494,homoDQ8
